id,title,subtitle,is_published,deleted_at,created_at,updated_at
1,Basic Description,,1,,2019-05-15 22:09:20.0,2019-05-15 22:09:20.0
2,Sizes,Female sizes,1,,2019-05-15 22:09:20.0,2019-05-15 22:09:20.0
3,Physique,Select the correct measurement,1,,2019-05-15 22:09:20.0,2019-05-15 22:09:20.0
4,Costume sizes,Male sizes,1,,2019-05-15 22:09:20.0,2019-05-15 22:09:20.0
5,Modeling types & Specialities,Select one or more option,1,,2019-05-15 22:09:20.0,2019-05-15 22:09:20.0
6,Vocal Characteristics,,1,,2019-05-15 22:09:20.0,2019-05-15 22:09:20.0
7,Additional Information,,1,,2019-05-15 22:09:20.0,2019-05-15 22:09:20.0
8,Unique Traits,,1,,2019-05-15 22:09:20.0,2019-05-15 22:09:20.0
9,Aerial Photography Information,,1,,2019-05-15 22:09:20.0,2019-05-15 22:09:20.0
10,Musical Details,,1,,2019-05-15 22:09:20.0,2019-05-15 22:09:20.0
11,Artistic Information,,1,,2019-05-15 22:09:20.0,2019-05-15 22:09:20.0
12,Events Photography,,1,,2019-05-15 22:09:20.0,2019-05-15 22:09:20.0
13,Additional Information,"Business, Company",1,,2019-05-15 22:09:20.0,2019-05-15 22:09:20.0
14,Architectural Photography,,1,,2019-05-15 22:09:20.0,2019-05-15 22:09:20.0
15,Filmmaking Experience,,1,,2019-05-15 22:09:20.0,2019-05-15 22:09:20.0
16,Flexibility Exercises,Yoga,1,,2019-05-15 22:09:20.0,2019-05-15 22:09:20.0
17,Pageant Coach Information,,1,,2019-05-15 22:09:20.0,2019-05-15 22:09:20.0
18,Representatives Information,,1,,2019-05-15 22:09:20.0,2019-05-15 22:09:20.0
19,Hairdressing Information,,1,,2019-05-15 22:09:20.0,2019-05-15 22:09:20.0
20,Barber Information,Barber Information,1,,2019-05-15 22:09:20.0,2019-05-15 22:09:20.0
21,Wig Information,,1,,2019-05-15 22:09:20.0,2019-05-15 22:09:20.0
22,Aestheticism Information,,1,,2019-05-15 22:09:20.0,2019-05-15 22:09:20.0
23,Hair Coloring Information,,1,,2019-05-15 22:09:20.0,2019-05-15 22:09:20.0
24,Makeup Information,Makeup artist information,1,,2019-05-15 22:09:20.0,2019-05-15 22:09:20.0
25,Manicure/Pedicure Information,,1,,2019-05-15 22:09:20.0,2019-05-15 22:09:20.0
26,Hair Removal Information,,1,,2019-05-15 22:09:20.0,2019-05-15 22:09:20.0
27,Tattoos Information,,1,,2019-05-15 22:09:20.0,2019-05-15 22:09:20.0
28,Accessory Design Information,,1,,2019-05-15 22:09:20.0,2019-05-15 22:09:20.0
29,Fashion Design Information,Fashion designer information,1,,2019-05-15 22:09:20.0,2019-05-15 22:09:20.0
30,Jewelry Design Information,,1,,2019-05-15 22:09:20.0,2019-05-15 22:09:20.0
31,Fragrance Information,,1,,2019-05-15 22:09:20.0,2019-05-15 22:09:20.0
32,Seamstress Information,,1,,2019-05-15 22:09:20.0,2019-05-15 22:09:20.0
33,Personal Styling,,1,,2019-05-15 22:09:20.0,2019-05-15 22:09:20.0
34,Minor Events,,1,,2019-05-15 22:09:20.0,2019-05-15 22:09:20.0
35,Product Styling,,1,,2019-05-15 22:09:20.0,2019-05-15 22:09:20.0
36,Styling Information,,1,,2019-05-15 22:09:20.0,2019-05-15 22:09:20.0
37,Catalog Styling,,1,,2019-05-15 22:09:20.0,2019-05-15 22:09:20.0
38,Visual Styling,,1,,2019-05-15 22:09:20.0,2019-05-15 22:09:20.0
39,empty,Photoshoot coordinator information,0,,2019-05-15 22:09:20.0,2019-05-15 22:09:20.0
40,Museum of Commerce & Communications,,1,,2019-05-15 22:09:20.0,2019-05-15 22:09:20.0
41,Choreography Information,,1,,2019-05-15 22:09:20.0,2019-05-15 22:09:20.0
42,Sound Production Information,,1,,2019-05-15 22:09:20.0,2019-05-15 22:09:20.0
43,Representation Information,Music manager,1,,2019-05-15 22:09:20.0,2019-05-15 22:09:20.0
44,Orchestra Information,,1,,2019-05-15 22:09:20.0,2019-05-15 22:09:20.0
45,Musical Composition Information,,1,,2019-05-15 22:09:20.0,2019-05-15 22:09:20.0
46,Trombone Information,,1,,2019-05-15 22:09:20.0,2019-05-15 22:09:20.0
47,emtpy,,0,,2019-05-15 22:09:20.0,2019-05-15 22:09:20.0
48,DJ Information ,,1,,2019-05-15 22:09:20.0,2019-05-15 22:09:20.0
49,Guitarist Information,,1,,2019-05-15 22:09:20.0,2019-05-15 22:09:20.0
50,Violinist Information,,1,,2019-05-15 22:09:20.0,2019-05-15 22:09:20.0
51,Representatives Information,Musicians,1,,2019-05-15 22:09:20.0,2019-05-15 22:09:20.0
52,Drummer Information,,1,,2019-05-15 22:09:20.0,2019-05-15 22:09:20.0
53,Percussion Instruments,,1,,2019-05-15 22:09:20.0,2019-05-15 22:09:20.0
54,Piano Information,,1,,2019-05-15 22:09:20.0,2019-05-15 22:09:20.0
55,Saxophone Information,,1,,2019-05-15 22:09:20.0,2019-05-15 22:09:20.0
56,Flute Information,,1,,2019-05-15 22:09:20.0,2019-05-15 22:09:20.0
57,Trumpet Information,,1,,2019-05-15 22:09:20.0,2019-05-15 22:09:20.0
58,Education,Dance academies,1,,2019-05-15 22:09:20.0,2019-05-15 22:09:20.0
59,Bachata Information,,1,,2019-05-15 22:09:20.0,2019-05-15 22:09:20.0
60,Ballet Information,,1,,2019-05-15 22:09:20.0,2019-05-15 22:09:20.0
61,Indian Classical Dance,,1,,2019-05-15 22:09:20.0,2019-05-15 22:09:20.0
62,Speech Information,,1,,2019-05-15 22:09:20.0,2019-05-15 22:09:20.0
63,Radio Information,,0,,2019-05-15 22:09:20.0,2019-05-15 22:09:20.0
64,Voice-Over Information,,1,,2019-05-15 22:09:20.0,2019-05-15 22:09:20.0
65,Presentations Information,,1,,2019-05-15 22:09:20.0,2019-05-15 22:09:20.0
66,Voice Acting Information,,1,,2019-05-15 22:09:20.0,2019-05-15 22:09:20.0
67,Acting Experience,,1,,2019-05-15 22:09:20.0,2019-05-15 22:09:20.0
68,Personal Trainer Information,,1,,2019-05-15 22:09:20.0,2019-05-15 22:09:20.0
69,Filmography & Staging,,1,,2019-05-15 22:09:20.0,2019-05-15 22:09:20.0
70,Scenic Combat Information,"Scenic Combat, stage combat",1,,2019-05-15 22:09:20.0,2019-05-15 22:09:20.0
71,Comedy Information,,1,,2019-05-15 22:09:20.0,2019-05-15 22:09:20.0
72,Narration Information,,1,,2019-05-15 22:09:20.0,2019-05-15 22:09:20.0
73,Fashion Photography Information,,1,,2019-05-15 22:09:20.0,2019-05-15 22:09:20.0
74,Physical Therapy Information,,1,,2019-05-15 22:09:20.0,2019-05-15 22:09:20.0
75,Photography Information,,1,,2019-05-15 22:09:20.0,2019-05-15 22:09:20.0
76,Stabilizer Information,,1,,2019-05-15 22:09:20.0,2019-05-15 22:09:20.0
77,Motion Capture Information,"mo-cap, mocap, Motion capture",1,,2019-05-15 22:09:20.0,2019-05-15 22:09:20.0
78,Illustration Information,,1,,2019-05-15 22:09:20.0,2019-05-15 22:09:20.0
79,Costume Design Information,Costume Design experience,1,,2019-05-15 22:09:20.0,2019-05-15 22:09:20.0
80,Graphic Design Information,,1,,2019-05-15 22:09:20.0,2019-05-15 22:09:20.0
81,Photoshoot Information,,1,,2019-05-15 22:09:20.0,2019-05-15 22:09:20.0
82,Combat Sports Information,,1,,2019-05-15 22:09:20.0,2019-05-15 22:09:20.0
83,Polo Information,,1,,2019-05-15 22:09:20.0,2019-05-15 22:09:20.0
84,Soccer Information,,1,,2019-05-15 22:09:20.0,2019-05-15 22:09:20.0
85,Information of Aestheticism,,1,,2019-05-15 22:09:20.0,2019-05-15 22:09:20.0
86,Martial Arts,,1,,2019-05-15 22:09:20.0,2019-05-15 22:09:20.0
87,Training Audience,Audience,1,,2019-05-15 22:09:20.0,2019-05-15 22:09:20.0
88,Swimming Information,,1,,2019-05-15 22:09:20.0,2019-05-15 22:09:20.0
89,Football Information,,1,,2019-05-15 22:09:20.0,2019-05-15 22:09:20.0
90,Basketball Information,,1,,2019-05-15 22:09:20.0,2019-05-15 22:09:20.0
91,Volleyball Information,,1,,2019-05-15 22:09:20.0,2019-05-15 22:09:20.0
92,Baseball Information,,1,,2019-05-15 22:09:20.0,2019-05-15 22:09:20.0
93,Hockey Information,,1,,2019-05-15 22:09:20.0,2019-05-15 22:09:20.0
94,Gymnastics Information,,1,,2019-05-15 22:09:20.0,2019-05-15 22:09:20.0
95,Skating Information,,1,,2019-05-15 22:09:20.0,2019-05-15 22:09:20.0
96,Institute Information,"Business, Company",1,,2019-05-15 22:09:20.0,2019-05-15 22:09:20.0
97,Tennis Information,,1,,2019-05-15 22:09:20.0,2019-05-15 22:09:20.0
98,Parkour & Freerunning ,,1,,2019-05-15 22:09:20.0,2019-05-15 22:09:20.0
99,empty,,0,,2019-05-15 22:09:20.0,2019-05-15 22:09:20.0
100,Games Information,,1,,2019-05-15 22:09:20.0,2019-05-15 22:09:20.0
101,Console Information,,1,,2019-05-15 22:09:20.0,2019-05-15 22:09:20.0
102,Aerobic Exercises Information,,1,,2019-05-15 22:09:20.0,2019-05-15 22:09:20.0
103,Anaerobic Exercises Information,,1,,2019-05-15 22:09:20.0,2019-05-15 22:09:20.0
104,Experience,"Receptionist, reservations, telephone, security, maintenance, customer service",1,,2019-05-15 22:09:20.0,2019-05-15 22:09:20.0
105,Housekeeping Information,,1,,2019-05-15 22:09:20.0,2019-05-15 22:09:20.0
106,Travel Agent Information,,1,,2019-05-15 22:09:20.0,2019-05-15 22:09:20.0
107,Mayor Events,,1,,2019-05-15 22:09:20.0,2019-05-15 22:09:20.0
108,Water Activities,,1,,2019-05-15 22:09:20.0,2019-05-15 22:09:20.0
109,Mountain Activities,,1,,2019-05-15 22:09:20.0,2019-05-15 22:09:20.0
110,Desert Activities,,1,,2019-05-15 22:09:20.0,2019-05-15 22:09:20.0
111,Forest Activities,,1,,2019-05-15 22:09:20.0,2019-05-15 22:09:20.0
112,Aerial Activities Information,,1,,2019-05-15 22:09:20.0,2019-05-15 22:09:20.0
113,Journalism Information,,1,,2019-05-15 22:09:20.0,2019-05-15 22:09:20.0
114,Writing Information,Writers,1,,2019-05-15 22:09:20.0,2019-05-15 22:09:20.0
115,Creative Writing,,1,,2019-05-15 22:09:20.0,2019-05-15 22:09:20.0
116,Performative Writing,,1,,2019-05-15 22:09:20.0,2019-05-15 22:09:20.0
117,Academic Writing,,1,,2019-05-15 22:09:20.0,2019-05-15 22:09:20.0
118,Reporting Information,,1,,2019-05-15 22:09:20.0,2019-05-15 22:09:20.0
119,Scout Information,"Business, Company",1,,2019-05-15 22:09:20.0,2019-05-15 22:09:20.0
120,Sculpting Information,,1,,2019-05-15 22:09:20.0,2019-05-15 22:09:20.0
121,Painting Information,,1,,2019-05-15 22:09:20.0,2019-05-15 22:09:20.0
122,Drawing Information,,1,,2019-05-15 22:09:20.0,2019-05-15 22:09:20.0
123,Architecture Information,,1,,2019-05-15 22:09:20.0,2019-05-15 22:09:20.0
124,Interior Design,,1,,2019-05-15 22:09:20.0,2019-05-15 22:09:20.0
125,Industrial Design Information,,1,,2019-05-15 22:09:20.0,2019-05-15 22:09:20.0
126,Culinary Experience,,1,,2019-05-15 22:09:20.0,2019-05-15 22:09:20.0
127,Chef Information,,1,,2019-05-15 22:09:20.0,2019-05-15 22:09:20.0
128,Butchery Information,Butcher information,1,,2019-05-15 22:09:20.0,2019-05-15 22:09:20.0
129,Pastry Information,,1,,2019-05-15 22:09:20.0,2019-05-15 22:09:20.0
130,Baking Information,,1,,2019-05-15 22:09:20.0,2019-05-15 22:09:20.0
131,Sommelier & Bartender Experience,Sommelier and Bartender,1,,2019-05-15 22:09:20.0,2019-05-15 22:09:20.0
132,Brewing Information,,1,,2019-05-15 22:09:20.0,2019-05-15 22:09:20.0
133,Teachings Information,,1,,2019-05-15 22:09:20.0,2019-05-15 22:09:20.0
134,Studies Information,,1,,2019-05-15 22:09:20.0,2019-05-15 22:09:20.0
135,Web Development,,1,,2019-05-15 22:09:20.0,2019-05-15 22:09:20.0
136,Apps Information,,1,,2019-05-15 22:09:20.0,2019-05-15 22:09:20.0
137,Video Games Information,,1,,2019-05-15 22:09:20.0,2019-05-15 22:09:20.0
138,Databases Information,,1,,2019-05-15 22:09:20.0,2019-05-15 22:09:20.0
139,Software Information,,1,,2019-05-15 22:09:20.0,2019-05-15 22:09:20.0
140,Finance Information,,1,,2019-05-15 22:09:20.0,2019-05-15 22:09:20.0
141,Entrepreneurship Information,,1,,2019-05-15 22:09:20.0,2019-05-15 22:09:20.0
142,Sales Information ,,1,,2019-05-15 22:09:20.0,2019-05-15 22:09:20.0
143,Network & Security,,1,,2019-05-15 22:09:20.0,2019-05-15 22:09:20.0
144,Field Information ,,1,,2019-05-15 22:09:20.0,2019-05-15 22:09:20.0
145,Beauty Pageant Information,"Business, Company",1,,2019-05-15 22:09:20.0,2019-05-15 22:09:20.0
146,Beauty Pageant Experience,"Business, Company",1,,2019-05-15 22:09:20.0,2019-05-15 22:09:20.0
147,Cosmetics Manufacturing,"Business, Company",1,,2019-05-15 22:09:20.0,2019-05-15 22:09:20.0
148,Cosmetics Selling,"Business, Company",1,,2019-05-15 22:09:20.0,2019-05-15 22:09:20.0
149,Fashion Store Information,"Business, Company",1,,2019-05-15 22:09:20.0,2019-05-15 22:09:20.0
150,Tour Information,"Business, Company",1,,2019-05-15 22:09:20.0,2019-05-15 22:09:20.0
151,Accessories Sales Information,"Business, Company",1,,2019-05-15 22:09:20.0,2019-05-15 22:09:20.0
152,Fashion Marketing,,1,,2019-05-15 22:09:20.0,2019-05-15 22:09:20.0
153,Textile Design & Production,,1,,2019-05-15 22:09:20.0,2019-05-15 22:09:20.0
154,Fashion Design Information,"Business, Company",1,,2019-05-15 22:09:20.0,2019-05-15 22:09:20.0
155,Musical Production Information,"Business, Company",1,,2019-05-15 22:09:20.0,2019-05-15 22:09:20.0
156,Modeling Agency,,1,,2019-05-15 22:09:20.0,2019-05-15 22:09:20.0
157,Mastering Information,,1,,2019-05-15 22:09:20.0,2019-05-15 22:09:20.0
158,Recording Information,Sound recording Information,1,,2019-05-15 22:09:20.0,2019-05-15 22:09:20.0
159,Academy Information,Models academy,1,,2019-05-15 22:09:20.0,2019-05-15 22:09:20.0
160,Mixing Information,"Business, Company",1,,2019-05-15 22:09:20.0,2019-05-15 22:09:20.0
161,Dance Academy Information,"Business, Company",1,,2019-05-15 22:09:20.0,2019-05-15 22:09:20.0
162,Band Information,"Business, Company",1,,2019-05-15 22:09:20.0,2019-05-15 22:09:20.0
163,A&R Information,,1,,2019-05-15 22:09:20.0,2019-05-15 22:09:20.0
164,Digital Distribution,"Business, Company",1,,2019-05-15 22:09:20.0,2019-05-15 22:09:20.0
165,Music Consulting,"Business, Company",1,,2019-05-15 22:09:20.0,2019-05-15 22:09:20.0
166,Music Managing,"Business, Company",1,,2019-05-15 22:09:20.0,2019-05-15 22:09:20.0
167,Event Planning,"Business, Company",1,,2019-05-15 22:09:20.0,2019-05-15 22:09:20.0
168,Assembly of Events,"Business, Company",1,,2019-05-15 22:09:20.0,2019-05-15 22:09:20.0
169,Informative Station,"Business, Company",1,,2019-05-15 22:09:20.0,2019-05-15 22:09:20.0
170,Reportage Radio Station,"Business, Company",1,,2019-05-15 22:09:20.0,2019-05-15 22:09:20.0
171,Radio Special Programs,,1,,2019-05-15 22:09:20.0,2019-05-15 22:09:20.0
172,Preproduction for TV,"Business, Company",1,,2019-05-15 22:09:20.0,2019-05-15 22:09:20.0
173,TV Production,,1,,2019-05-15 22:09:20.0,2019-05-15 22:09:20.0
174,Postproduction for TV,,1,,2019-05-15 22:09:20.0,2019-05-15 22:09:20.0
175,TV Equipment Rental,,1,,2019-05-15 22:09:20.0,2019-05-15 22:09:20.0
176,Documentary Photography,,1,,2019-05-15 22:09:20.0,2019-05-15 22:09:20.0
177,Product Photography,,1,,2019-05-15 22:09:20.0,2019-05-15 22:09:20.0
178,Advertising Photography,,1,,2019-05-15 22:09:20.0,2019-05-15 22:09:20.0
179,Newspaper's Information,,1,,2019-05-15 22:09:20.0,2019-05-15 22:09:20.0
180,Periodical Newspaper,,1,,2019-05-15 22:09:20.0,2019-05-15 22:09:20.0
181,Film Preproduction,,1,,2019-05-15 22:09:20.0,2019-05-15 22:09:20.0
182,Film Production,,1,,2019-05-15 22:09:20.0,2019-05-15 22:09:20.0
183,Film Postproduction,,1,,2019-05-15 22:09:20.0,2019-05-15 22:09:20.0
184,Casting Agency,,1,,2019-05-15 22:09:20.0,2019-05-15 22:09:20.0
185,Cinema Equipment Rental Information,,1,,2019-05-15 22:09:20.0,2019-05-15 22:09:20.0
186,Sports Center Experience,,1,,2019-05-15 22:09:20.0,2019-05-15 22:09:20.0
187,Fitness Center/Gym Information,,1,,2019-05-15 22:09:20.0,2019-05-15 22:09:20.0
188,Sports Team,,1,,2019-05-15 22:09:20.0,2019-05-15 22:09:20.0
189,Sport Bets Information,,1,,2019-05-15 22:09:20.0,2019-05-15 22:09:20.0
190,Casino,,1,,2019-05-15 22:09:20.0,2019-05-15 22:09:20.0
191,Poker,,1,,2019-05-15 22:09:20.0,2019-05-15 22:09:20.0
192,Group Classes,,1,,2019-05-15 22:09:20.0,2019-05-15 22:09:20.0
193,Personal Training Information,,1,,2019-05-15 22:09:20.0,2019-05-15 22:09:20.0
194,Spa Information,,1,,2019-05-15 22:09:20.0,2019-05-15 22:09:20.0
195,Programs Information,,1,,2019-05-15 22:09:20.0,2019-05-15 22:09:20.0
196,Tour Operator Information,,1,,2019-05-15 22:09:20.0,2019-05-15 22:09:20.0
197,Travel Agency Information,,1,,2019-05-15 22:09:20.0,2019-05-15 22:09:20.0
198,Hotel Information,,1,,2019-05-15 22:09:20.0,2019-05-15 22:09:20.0
199,Airline Information,,1,,2019-05-15 22:09:20.0,2019-05-15 22:09:20.0
200,Printing Information,"Business, Company",1,,2019-05-15 22:09:20.0,2019-05-15 22:09:20.0
201,Editing Information,,1,,2019-05-15 22:09:20.0,2019-05-15 22:09:20.0
202,Science & Technology Museum,,1,,2019-05-15 22:09:20.0,2019-05-15 22:09:20.0
203,Theater Information,,1,,2019-05-15 22:09:20.0,2019-05-15 22:09:20.0
204,Gallery Information,,1,,2019-05-15 22:09:20.0,2019-05-15 22:09:20.0
205,Art School,,1,,2019-05-15 22:09:20.0,2019-05-15 22:09:20.0
206,Art Museum Information,,1,,2019-05-15 22:09:20.0,2019-05-15 22:09:20.0
207,Natural History Museum,,1,,2019-05-15 22:09:20.0,2019-05-15 22:09:20.0
208,History Museum,,1,,2019-05-15 22:09:20.0,2019-05-15 22:09:20.0
209,Teppanyaki Information,,1,,2019-05-15 22:09:20.0,2019-05-15 22:09:20.0
210,Barbecue Information,"Business, Company, Barbacoa, Parrillada",1,,2019-05-15 22:09:20.0,2019-05-15 22:09:20.0
211,Architectural Drawing & Design,,1,,2019-05-15 22:09:20.0,2019-05-15 22:09:20.0
212,Fast Food Offer,,1,,2019-05-15 22:09:20.0,2019-05-15 22:09:20.0
213,Construction Information,,1,,2019-05-15 22:09:20.0,2019-05-15 22:09:20.0
214,Buffet Information,,1,,2019-05-15 22:09:20.0,2019-05-15 22:09:20.0
215,Fusion Information,,1,,2019-05-15 22:09:20.0,2019-05-15 22:09:20.0
216,Themed Bar,,1,,2019-05-15 22:09:20.0,2019-05-15 22:09:20.0
217,Cooking Information,Haute Cuisine,1,,2019-05-15 22:09:20.0,2019-05-15 22:09:20.0
218,Cafeteria Information,,1,,2019-05-15 22:09:20.0,2019-05-15 22:09:20.0
219,Wine Bar Information,,1,,2019-05-15 22:09:20.0,2019-05-15 22:09:20.0
220,Brewery Information,,1,,2019-05-15 22:09:20.0,2019-05-15 22:09:20.0
221,Wine Cellar Information,,1,,2019-05-15 22:09:20.0,2019-05-15 22:09:20.0
222,Food Supply Information,Warehouse Information,1,,2019-05-15 22:09:20.0,2019-05-15 22:09:20.0
223,Butchery Information,Butcher shop Information,1,,2019-05-15 22:09:20.0,2019-05-15 22:09:20.0
224,Language School,Language school Information,1,,2019-05-15 22:09:20.0,2019-05-15 22:09:20.0
225,Software Engineering,Software engineering (Company) Information,1,,2019-05-15 22:09:20.0,2019-05-15 22:09:20.0
226,Databases Information,Databases (Company) Information,1,,2019-05-15 22:09:20.0,2019-05-15 22:09:20.0
227,University Information,University/College Information,1,,2019-05-15 22:09:20.0,2019-05-15 22:09:20.0
228,Services Information,Service Information,1,,2019-05-15 22:09:20.0,2019-05-15 22:09:20.0
229,Bass Player Information,,1,,2019-05-15 22:09:20.0,2019-05-15 22:09:20.0
230,Track Information,,1,,2019-05-15 22:09:20.0,2019-05-15 22:09:20.0
231,Armory Information,"Scenic Combat, stage combat, weapons, firearms, props",1,,2019-05-15 22:09:20.0,2019-05-15 22:09:20.0
232,Video Editing Information,,1,,2019-05-15 22:09:20.0,2019-05-15 22:09:20.0
233,Combat Sports Training,,1,,2019-05-15 22:09:20.0,2019-05-15 22:09:20.0
234,Tabletop Games Information,,1,,2019-05-15 22:09:20.0,2019-05-15 22:09:20.0
235,Restaurant Information,,1,,2019-05-15 22:09:20.0,2019-05-15 22:09:20.0
236,Tabletop Cooking Information,,1,,2019-05-15 22:09:20.0,2019-05-15 22:09:20.0
237,Modulo 1,Modulo fgfd,0,,2020-02-12 15:21:02.0,2020-02-12 15:21:02.0
